1,C012,1,2026-06-18,Incomplete,Pending,,t,
2,C013,1,2026-05-28,Completed,Resolved,157,f,
3,C003,5,2026-08-11,Incomplete,Pending,,f,
4,C004,4,2026-07-13,Completed,Resolved,124,f,
5,C006,2,2026-02-07,Completed,Resolved,334,f,
6,C015,3,2026-06-15,Escalated,Unresolved,77,f,Other
7,C021,4,2026-07-23,Completed,Resolved,170,f,
8,C004,1,2026-04-12,Completed,Resolved,151,f,
9,C007,2,2026-01-18,Completed,Resolved,452,t,
10,C008,2,2026-07-21,Completed,Resolved,151,f,
11,C004,3,2026-09-26,Incomplete,Pending,522,f,
12,C002,1,2026-07-15,Completed,Resolved,303,f,
13,C021,2,2026-03-14,Completed,Resolved,238,f,
14,C008,4,2026-02-24,Completed,Resolved,406,f,
15,C002,5,2026-04-12,Completed,Resolved,146,f,
16,C011,1,2026-03-24,Completed,Resolved,213,t,
17,C021,1,2026-07-21,Completed,Resolved,458,f,
18,C017,5,2026-01-07,Escalated,Unresolved,476,f,Policy Restriction
19,C004,3,2026-05-28,Escalated,Unresolved,98,f,Policy Restriction
20,C009,2,2026-02-25,Completed,Resolved,363,f,
21,C003,4,2026-05-23,Incomplete,Pending,,f,
22,C003,1,2026-08-03,Completed,Resolved,408,f,
23,C025,4,2026-02-17,Completed,Resolved,231,f,
24,C017,2,2026-01-31,Completed,Resolved,445,f,
25,C010,2,2026-02-02,Completed,Resolved,57,f,
26,C003,2,2026-06-30,Completed,Resolved,545,f,
27,C009,2,2026-06-30,Completed,Resolved,60,f,
28,C016,1,2026-05-17,Completed,Resolved,345,f,
29,C012,3,2026-01-13,Completed,Resolved,445,f,
30,C010,4,2026-03-16,Completed,Resolved,552,f,
31,C023,2,2026-06-14,Escalated,Unresolved,116,f,Technical Issue
32,C006,3,2026-02-25,Escalated,Unresolved,344,f,Policy Restriction
33,C007,1,2026-02-18,Incomplete,Pending,,f,
34,C019,3,2026-04-24,Completed,Resolved,84,f,
35,C002,4,2026-08-30,Completed,Resolved,154,f,
36,C007,4,2026-05-28,Completed,Resolved,503,f,
37,C002,4,2026-08-27,Escalated,Unresolved,77,f,Policy Restriction
38,C002,2,2026-02-16,Completed,Resolved,431,f,
39,C001,5,2026-08-16,Completed,Resolved,78,f,
40,C016,2,2026-04-04,Completed,Resolved,386,f,
41,C019,4,2026-06-23,Completed,Resolved,206,t,
42,C022,3,2026-03-27,Incomplete,Pending,,f,
43,C001,1,2026-06-28,Escalated,Unresolved,139,f,Policy Restriction
44,C019,2,2026-03-06,Completed,Resolved,339,f,
45,C004,5,2026-05-12,Completed,Resolved,257,t,
46,C016,1,2026-08-03,Completed,Resolved,53,f,
47,C003,2,2026-05-18,Escalated,Unresolved,356,f,Technical Issue
48,C017,2,2026-07-18,Completed,Resolved,287,f,
49,C009,2,2026-03-20,Completed,Resolved,66,t,
50,C023,3,2026-01-15,Completed,Resolved,418,f,
51,C006,1,2026-04-13,Incomplete,Pending,502,f,
52,C003,1,2026-07-07,Completed,Resolved,188,f,
53,C022,5,2026-03-19,Completed,Resolved,557,f,
54,C014,4,2026-05-22,Completed,Resolved,110,f,
55,C019,4,2026-02-03,Completed,Resolved,62,t,
56,C023,3,2026-09-05,Escalated,Unresolved,35,f,Other
57,C015,4,2026-01-24,Escalated,Unresolved,527,f,Technical Issue
58,C011,3,2026-03-19,Escalated,Unresolved,404,f,Complex Request
59,C012,3,2026-01-06,Escalated,Unresolved,202,f,Policy Restriction
60,C020,2,2026-08-18,Escalated,Unresolved,244,f,Other
61,C006,3,2026-06-09,Completed,Resolved,380,f,
62,C023,5,2026-02-07,Completed,Resolved,197,f,
63,C002,1,2026-06-21,Completed,Resolved,350,f,
64,C003,2,2026-07-04,Incomplete,Pending,328,f,
65,C011,1,2026-05-12,Incomplete,Pending,262,f,
66,C004,5,2026-07-06,Incomplete,Pending,279,f,
67,C001,2,2026-09-12,Completed,Resolved,493,f,
68,C006,1,2026-07-07,Completed,Resolved,464,f,
69,C008,1,2026-03-01,Completed,Resolved,527,f,
70,C013,5,2026-05-23,Completed,Resolved,78,f,
71,C012,4,2026-03-22,Completed,Resolved,94,f,
72,C008,1,2026-05-21,Completed,Resolved,572,f,
73,C004,4,2026-06-15,Completed,Resolved,346,f,
74,C014,3,2026-09-19,Completed,Resolved,291,t,
75,C004,2,2026-04-20,Completed,Resolved,547,t,
76,C003,1,2026-03-24,Escalated,Unresolved,545,f,Other
77,C011,2,2026-03-08,Completed,Resolved,316,f,
78,C003,2,2026-07-30,Incomplete,Pending,442,f,
79,C002,1,2026-07-14,Completed,Resolved,546,f,
80,C016,3,2026-03-19,Completed,Resolved,579,f,
81,C002,3,2026-08-19,Completed,Resolved,395,t,
82,C002,4,2026-06-05,Completed,Resolved,253,f,
83,C009,5,2026-02-12,Completed,Resolved,245,f,
84,C014,2,2026-09-24,Incomplete,Pending,,f,
85,C020,1,2026-03-28,Completed,Resolved,487,f,
86,C014,2,2026-01-15,Completed,Resolved,566,f,
87,C006,4,2026-06-16,Completed,Resolved,476,f,
88,C010,5,2026-07-12,Completed,Resolved,541,t,
89,C023,4,2026-08-17,Completed,Resolved,297,f,
90,C002,4,2026-06-26,Completed,Resolved,218,f,
91,C019,4,2026-07-27,Completed,Resolved,174,f,
92,C020,1,2026-06-29,Completed,Resolved,233,f,
93,C010,3,2026-02-15,Escalated,Unresolved,97,t,Technical Issue
94,C008,5,2026-06-14,Completed,Resolved,442,f,
95,C022,3,2026-02-12,Completed,Resolved,358,f,
96,C006,5,2026-02-24,Completed,Resolved,201,f,
97,C006,4,2026-05-11,Completed,Resolved,171,f,
98,C011,2,2026-03-28,Completed,Resolved,446,f,
99,C002,1,2026-06-28,Completed,Resolved,355,f,
100,C009,4,2026-09-05,Completed,Resolved,183,f,
101,C003,4,2026-07-08,Incomplete,Pending,,f,
102,C019,2,2026-08-09,Completed,Resolved,200,f,
103,C019,1,2026-02-10,Completed,Resolved,547,f,
104,C004,2,2026-06-12,Completed,Resolved,201,f,
105,C009,4,2026-02-13,Completed,Resolved,72,f,
106,C002,4,2026-06-10,Incomplete,Pending,400,f,
107,C011,4,2026-07-22,Completed,Resolved,488,f,
108,C012,4,2026-03-15,Completed,Resolved,75,f,
109,C019,2,2026-07-26,Incomplete,Pending,493,f,
110,C011,5,2026-04-18,Completed,Resolved,543,f,
111,C007,5,2026-04-23,Escalated,Unresolved,418,f,Other
112,C010,2,2026-08-20,Completed,Resolved,379,f,
113,C001,4,2026-03-08,Escalated,Unresolved,533,f,Other
114,C019,3,2026-08-05,Escalated,Unresolved,175,f,Technical Issue
115,C003,3,2026-07-23,Completed,Resolved,494,f,
116,C013,3,2026-02-09,Completed,Resolved,164,f,
117,C006,1,2026-09-24,Completed,Resolved,257,f,
118,C009,1,2026-04-02,Completed,Resolved,441,f,
119,C002,3,2026-03-25,Completed,Resolved,317,f,
120,C003,4,2026-06-20,Completed,Resolved,261,t,
121,C001,4,2026-05-24,Completed,Resolved,503,f,
122,C004,2,2026-08-30,Escalated,Unresolved,268,f,Complex Request
123,C006,4,2026-09-22,Completed,Resolved,254,f,
124,C002,2,2026-09-29,Escalated,Unresolved,370,t,Technical Issue
125,C006,3,2026-07-24,Completed,Resolved,433,f,
126,C020,2,2026-01-07,Completed,Resolved,74,f,
127,C003,3,2026-01-01,Completed,Resolved,485,t,
128,C011,2,2026-05-08,Completed,Resolved,389,t,
129,C021,5,2026-02-08,Completed,Resolved,248,f,
130,C012,5,2026-08-22,Completed,Resolved,375,f,
131,C010,4,2026-03-15,Completed,Resolved,120,f,
132,C015,1,2026-01-03,Escalated,Unresolved,477,f,Complex Request
133,C002,4,2026-07-15,Completed,Resolved,464,f,
134,C003,3,2026-03-28,Completed,Resolved,435,t,
135,C002,3,2026-04-12,Escalated,Unresolved,432,t,Technical Issue
136,C009,4,2026-03-05,Completed,Resolved,227,f,
137,C006,5,2026-08-08,Escalated,Unresolved,444,f,Policy Restriction
138,C013,5,2026-06-30,Escalated,Unresolved,469,f,Other
139,C009,1,2026-07-07,Completed,Resolved,545,f,
140,C011,5,2026-08-30,Escalated,Unresolved,181,f,Policy Restriction
141,C007,1,2026-02-22,Incomplete,Pending,495,f,
142,C002,4,2026-07-11,Completed,Resolved,315,f,
143,C021,4,2026-04-30,Escalated,Unresolved,533,f,Human Assistance Required
144,C004,4,2026-06-29,Completed,Resolved,536,f,
145,C002,3,2026-09-25,Completed,Resolved,547,f,
146,C003,4,2026-05-28,Completed,Resolved,145,f,
147,C016,3,2026-02-23,Completed,Resolved,127,t,
148,C004,4,2026-02-28,Completed,Resolved,512,f,
149,C012,2,2026-01-29,Completed,Resolved,390,f,
150,C006,1,2026-02-01,Completed,Resolved,333,f,
151,C008,5,2026-07-04,Completed,Resolved,441,f,
152,C006,5,2026-09-08,Incomplete,Pending,,f,
153,C001,2,2026-05-29,Completed,Resolved,270,f,
154,C009,3,2026-07-15,Completed,Resolved,289,f,
155,C012,1,2026-09-01,Escalated,Unresolved,167,f,Other
156,C016,5,2026-02-27,Completed,Resolved,134,f,
157,C014,1,2026-01-29,Completed,Resolved,288,f,
158,C015,4,2026-03-24,Completed,Resolved,157,f,
159,C006,1,2026-03-04,Completed,Resolved,352,f,
160,C016,1,2026-03-07,Completed,Resolved,426,f,
161,C010,2,2026-01-06,Completed,Resolved,516,f,
162,C019,3,2026-01-14,Escalated,Unresolved,173,t,Complex Request
163,C001,4,2026-09-20,Incomplete,Pending,,f,
164,C007,4,2026-05-09,Escalated,Unresolved,575,f,Human Assistance Required
165,C016,3,2026-07-12,Completed,Resolved,473,f,
166,C007,5,2026-04-27,Completed,Resolved,288,f,
167,C002,3,2026-08-19,Incomplete,Pending,277,f,
168,C002,4,2026-04-01,Completed,Resolved,541,f,
169,C001,5,2026-04-15,Completed,Resolved,181,t,
170,C015,3,2026-03-13,Incomplete,Pending,262,f,
171,C002,2,2026-09-16,Completed,Resolved,204,f,
172,C002,1,2026-04-28,Completed,Resolved,81,f,
173,C011,4,2026-07-13,Completed,Resolved,243,f,
174,C009,3,2026-05-16,Completed,Resolved,306,f,
175,C010,3,2026-06-23,Completed,Resolved,448,f,
176,C004,5,2026-05-29,Completed,Resolved,469,f,
177,C002,2,2026-04-01,Completed,Resolved,108,t,
178,C007,1,2026-07-20,Completed,Resolved,559,f,
179,C017,2,2026-03-02,Escalated,Unresolved,108,f,Policy Restriction
180,C006,3,2026-09-24,Completed,Resolved,303,f,
181,C003,3,2026-04-05,Completed,Resolved,40,f,
182,C007,3,2026-03-25,Incomplete,Pending,447,f,
183,C007,4,2026-06-23,Incomplete,Pending,,f,
184,C002,5,2026-03-15,Completed,Resolved,439,f,
185,C019,4,2026-07-29,Completed,Resolved,112,f,
186,C013,1,2026-04-14,Completed,Resolved,296,t,
187,C021,5,2026-09-30,Completed,Resolved,378,f,
188,C002,5,2026-06-22,Completed,Resolved,35,f,
189,C002,3,2026-07-19,Completed,Resolved,216,f,
190,C016,3,2026-04-05,Completed,Resolved,172,f,
191,C015,5,2026-08-18,Completed,Resolved,165,f,
192,C002,1,2026-04-03,Incomplete,Pending,531,f,
193,C010,3,2026-05-03,Escalated,Unresolved,166,f,Policy Restriction
194,C002,5,2026-04-07,Escalated,Unresolved,114,f,Complex Request
195,C010,5,2026-09-10,Escalated,Unresolved,576,f,Other
196,C003,4,2026-08-21,Completed,Resolved,455,f,
197,C021,2,2026-03-22,Escalated,Unresolved,556,t,Human Assistance Required
198,C001,1,2026-09-09,Completed,Resolved,244,f,
199,C007,2,2026-02-13,Escalated,Unresolved,231,f,Human Assistance Required
200,C010,5,2026-06-30,Completed,Resolved,545,f,
201,C013,5,2026-01-01,Completed,Resolved,388,f,
202,C010,2,2026-04-13,Completed,Resolved,113,f,
203,C006,5,2026-01-25,Completed,Resolved,347,f,
204,C006,1,2026-09-11,Completed,Resolved,61,f,
205,C001,2,2026-01-29,Completed,Resolved,35,f,
206,C021,4,2026-03-10,Completed,Resolved,201,f,
207,C010,2,2026-03-08,Completed,Resolved,578,f,
208,C020,2,2026-09-12,Completed,Resolved,492,f,
209,C009,3,2026-07-12,Escalated,Unresolved,455,f,Human Assistance Required
210,C004,2,2026-07-20,Completed,Resolved,378,f,
211,C009,1,2026-02-16,Completed,Resolved,252,f,
212,C016,5,2026-05-09,Completed,Resolved,191,f,
213,C016,5,2026-07-10,Completed,Resolved,40,f,
214,C004,4,2026-04-27,Completed,Resolved,266,f,
215,C022,2,2026-08-17,Incomplete,Pending,,f,
216,C021,2,2026-06-09,Completed,Resolved,408,f,
217,C021,1,2026-08-30,Completed,Resolved,61,f,
218,C003,3,2026-01-25,Completed,Resolved,192,f,
219,C003,5,2026-04-22,Escalated,Unresolved,60,t,Technical Issue
220,C004,5,2026-01-04,Incomplete,Pending,,f,
221,C011,5,2026-06-08,Completed,Resolved,126,f,
222,C006,5,2026-09-27,Escalated,Unresolved,364,f,Technical Issue
223,C012,4,2026-07-26,Completed,Resolved,116,f,
224,C002,3,2026-07-27,Completed,Resolved,324,f,
225,C001,3,2026-01-29,Completed,Resolved,353,f,
226,C012,5,2026-01-04,Escalated,Unresolved,554,f,Other
227,C015,3,2026-08-17,Completed,Resolved,192,f,
228,C017,1,2026-08-15,Completed,Resolved,539,f,
229,C012,1,2026-08-18,Completed,Resolved,227,f,
230,C007,5,2026-01-25,Completed,Resolved,382,f,
231,C003,3,2026-05-20,Completed,Resolved,107,f,
232,C003,3,2026-03-29,Completed,Resolved,303,f,
233,C010,2,2026-05-13,Completed,Resolved,255,f,
234,C015,5,2026-03-31,Completed,Resolved,302,f,
235,C001,2,2026-06-14,Completed,Resolved,299,f,
236,C007,4,2026-05-08,Completed,Resolved,311,f,
237,C006,3,2026-04-08,Completed,Resolved,228,t,
238,C025,5,2026-04-09,Completed,Resolved,377,f,
239,C016,1,2026-06-11,Escalated,Unresolved,98,f,Policy Restriction
240,C014,1,2026-09-09,Completed,Resolved,145,f,
241,C015,5,2026-09-26,Completed,Resolved,224,f,
242,C003,3,2026-09-09,Incomplete,Pending,305,f,
243,C002,5,2026-04-14,Escalated,Unresolved,67,t,Policy Restriction
244,C010,5,2026-09-16,Completed,Resolved,89,f,
245,C001,3,2026-04-22,Completed,Resolved,96,f,
246,C002,5,2026-01-15,Completed,Resolved,265,f,
247,C007,2,2026-08-08,Completed,Resolved,449,f,
248,C007,4,2026-07-29,Completed,Resolved,113,f,
249,C017,4,2026-08-31,Completed,Resolved,50,f,
250,C016,4,2026-03-23,Completed,Resolved,450,f,
251,C014,1,2026-08-21,Completed,Resolved,258,f,
252,C001,4,2026-03-12,Incomplete,Pending,,f,
253,C003,5,2026-06-11,Completed,Resolved,230,f,
254,C021,3,2026-08-03,Completed,Resolved,90,t,
255,C014,3,2026-01-15,Completed,Resolved,59,t,
256,C003,5,2026-01-23,Completed,Resolved,141,f,
257,C006,2,2026-08-08,Completed,Resolved,67,f,
258,C010,3,2026-04-04,Completed,Resolved,55,f,
259,C004,4,2026-09-18,Completed,Resolved,178,f,
260,C003,3,2026-05-10,Incomplete,Pending,,f,
261,C013,1,2026-01-05,Completed,Resolved,310,f,
262,C019,5,2026-07-30,Completed,Resolved,213,f,
263,C021,5,2026-08-23,Escalated,Unresolved,53,f,Complex Request
264,C014,5,2026-02-27,Completed,Resolved,454,f,
265,C004,1,2026-07-19,Incomplete,Pending,425,f,
266,C004,5,2026-01-26,Incomplete,Pending,291,f,
267,C001,3,2026-02-20,Completed,Resolved,463,t,
268,C015,3,2026-06-03,Completed,Resolved,304,f,
269,C011,2,2026-09-23,Completed,Resolved,494,t,
270,C004,5,2026-09-06,Completed,Resolved,143,f,
271,C003,1,2026-07-22,Completed,Resolved,423,f,
272,C003,1,2026-04-22,Escalated,Unresolved,272,f,Human Assistance Required
273,C015,1,2026-06-03,Completed,Resolved,211,f,
274,C004,5,2026-05-10,Completed,Resolved,354,f,
275,C003,5,2026-03-12,Completed,Resolved,266,f,
276,C008,4,2026-01-14,Escalated,Unresolved,137,f,Technical Issue
277,C023,3,2026-06-24,Incomplete,Pending,349,f,
278,C019,2,2026-09-22,Completed,Resolved,399,t,
279,C004,2,2026-04-25,Escalated,Unresolved,36,f,Policy Restriction
280,C008,5,2026-07-17,Incomplete,Pending,289,f,
281,C023,4,2026-06-04,Completed,Resolved,293,f,
282,C006,4,2026-07-15,Completed,Resolved,401,f,
283,C023,1,2026-03-15,Escalated,Unresolved,565,f,Technical Issue
284,C025,5,2026-03-24,Escalated,Unresolved,331,f,Human Assistance Required
285,C014,5,2026-06-25,Escalated,Unresolved,127,f,Technical Issue
286,C009,4,2026-04-14,Completed,Resolved,321,f,
287,C001,2,2026-08-01,Incomplete,Pending,481,t,
288,C010,4,2026-06-14,Completed,Resolved,86,t,
289,C004,4,2026-01-05,Incomplete,Pending,,f,
290,C015,2,2026-01-07,Completed,Resolved,403,f,
291,C019,2,2026-05-04,Incomplete,Pending,,f,
292,C006,5,2026-09-23,Completed,Resolved,140,f,
293,C016,3,2026-07-28,Completed,Resolved,33,f,
294,C014,4,2026-04-21,Completed,Resolved,182,t,
295,C011,5,2026-08-08,Escalated,Unresolved,351,f,Policy Restriction
296,C006,4,2026-06-02,Completed,Resolved,126,f,
297,C004,5,2026-03-11,Completed,Resolved,533,f,
298,C015,2,2026-03-16,Completed,Resolved,504,f,
299,C014,1,2026-07-27,Completed,Resolved,222,f,
300,C010,3,2026-05-22,Completed,Resolved,250,f,
301,C022,1,2026-09-05,Completed,Resolved,183,f,
302,C010,4,2026-07-31,Escalated,Unresolved,276,f,Technical Issue
303,C004,2,2026-07-30,Escalated,Unresolved,182,f,Human Assistance Required
304,C011,2,2026-03-19,Incomplete,Pending,468,f,
305,C001,3,2026-05-24,Completed,Resolved,416,f,
306,C014,1,2026-09-15,Escalated,Unresolved,579,f,Technical Issue
307,C011,2,2026-08-17,Incomplete,Pending,531,f,
308,C001,3,2026-03-23,Completed,Resolved,401,f,
309,C011,4,2026-01-12,Completed,Resolved,220,f,
310,C013,2,2026-07-08,Completed,Resolved,276,t,
311,C020,4,2026-03-18,Escalated,Unresolved,530,f,Policy Restriction
312,C009,1,2026-09-01,Completed,Resolved,571,f,
313,C002,5,2026-09-10,Escalated,Unresolved,482,t,Complex Request
314,C006,4,2026-06-13,Completed,Resolved,177,f,
315,C001,2,2026-08-21,Completed,Resolved,257,f,
316,C004,3,2026-03-20,Completed,Resolved,221,f,
317,C012,4,2026-02-15,Completed,Resolved,98,t,
318,C025,1,2026-03-31,Completed,Resolved,289,f,
319,C013,4,2026-03-15,Completed,Resolved,239,f,
320,C004,5,2026-05-22,Completed,Resolved,308,t,
321,C006,4,2026-08-14,Completed,Resolved,560,f,
322,C021,5,2026-07-15,Completed,Resolved,237,f,
323,C009,3,2026-06-24,Completed,Resolved,325,f,
324,C003,1,2026-09-28,Completed,Resolved,516,f,
325,C015,5,2026-09-16,Escalated,Unresolved,459,f,Complex Request
326,C006,5,2026-06-04,Completed,Resolved,68,f,
327,C006,4,2026-07-21,Completed,Resolved,508,f,
328,C025,1,2026-08-11,Completed,Resolved,221,t,
329,C016,2,2026-08-15,Completed,Resolved,276,f,
330,C008,2,2026-01-28,Escalated,Unresolved,227,f,Human Assistance Required
331,C009,2,2026-05-13,Completed,Resolved,523,f,
332,C004,5,2026-08-07,Escalated,Unresolved,193,f,Human Assistance Required
333,C002,4,2026-03-14,Completed,Resolved,450,f,
334,C003,2,2026-01-17,Escalated,Unresolved,75,f,Policy Restriction
335,C025,5,2026-05-21,Completed,Resolved,436,f,
336,C015,1,2026-01-05,Completed,Resolved,78,f,
337,C003,1,2026-02-18,Completed,Resolved,431,f,
338,C012,1,2026-07-05,Completed,Resolved,85,f,
339,C022,4,2026-03-27,Completed,Resolved,146,f,
340,C008,2,2026-01-04,Completed,Resolved,169,t,
341,C009,2,2026-07-23,Completed,Resolved,537,f,
342,C010,3,2026-08-26,Escalated,Unresolved,79,f,Complex Request
343,C004,4,2026-01-06,Completed,Resolved,384,t,
344,C009,3,2026-02-06,Completed,Resolved,259,f,
345,C011,5,2026-01-29,Completed,Resolved,294,f,
346,C023,1,2026-02-03,Escalated,Unresolved,354,f,Complex Request
347,C002,5,2026-06-16,Completed,Resolved,83,f,
348,C006,2,2026-06-18,Completed,Resolved,501,f,
349,C019,2,2026-01-21,Completed,Resolved,412,f,
350,C013,3,2026-04-26,Incomplete,Pending,404,t,
351,C007,2,2026-09-08,Completed,Resolved,292,f,
352,C008,4,2026-08-11,Completed,Resolved,104,f,
353,C008,1,2026-02-01,Completed,Resolved,373,f,
354,C012,5,2026-01-09,Completed,Resolved,164,f,
355,C016,2,2026-01-24,Incomplete,Pending,515,f,
356,C002,3,2026-02-10,Completed,Resolved,207,f,
357,C001,3,2026-09-14,Incomplete,Pending,,f,
358,C004,1,2026-04-27,Escalated,Unresolved,292,f,Policy Restriction
359,C014,1,2026-02-28,Completed,Resolved,157,f,
360,C001,3,2026-05-04,Completed,Resolved,249,f,
361,C023,4,2026-08-20,Completed,Resolved,193,t,
362,C017,2,2026-06-23,Completed,Resolved,550,f,
363,C008,1,2026-03-23,Escalated,Unresolved,68,f,Complex Request
364,C015,1,2026-07-28,Completed,Resolved,207,t,
365,C004,1,2026-08-31,Completed,Resolved,437,f,
366,C004,4,2026-07-10,Completed,Resolved,237,f,
367,C023,2,2026-02-06,Completed,Resolved,406,f,
368,C013,4,2026-09-20,Escalated,Unresolved,399,f,Other
369,C012,2,2026-01-21,Completed,Resolved,143,f,
370,C010,1,2026-03-13,Completed,Resolved,57,f,
371,C008,2,2026-08-31,Completed,Resolved,437,f,
372,C003,3,2026-07-27,Completed,Resolved,209,f,
373,C016,4,2026-09-18,Escalated,Unresolved,143,f,Technical Issue
374,C004,1,2026-04-15,Completed,Resolved,540,f,
375,C017,3,2026-07-25,Completed,Resolved,53,f,
376,C006,4,2026-06-25,Completed,Resolved,80,f,
377,C007,5,2026-03-26,Incomplete,Pending,541,f,
378,C010,3,2026-04-28,Escalated,Unresolved,351,f,Technical Issue
379,C001,2,2026-09-11,Escalated,Unresolved,331,f,Technical Issue
380,C017,5,2026-03-25,Completed,Resolved,551,f,
381,C013,4,2026-02-10,Completed,Resolved,71,f,
382,C007,1,2026-05-27,Completed,Resolved,270,t,
383,C020,4,2026-09-21,Completed,Resolved,169,t,
384,C006,5,2026-01-04,Completed,Resolved,433,f,
385,C002,1,2026-07-26,Completed,Resolved,223,f,
386,C001,2,2026-01-24,Completed,Resolved,287,f,
387,C014,1,2026-07-29,Completed,Resolved,256,f,
388,C023,2,2026-07-21,Incomplete,Pending,,f,
389,C013,3,2026-04-30,Escalated,Unresolved,535,f,Complex Request
390,C021,1,2026-06-10,Completed,Resolved,270,f,
391,C002,4,2026-08-20,Completed,Resolved,481,f,
392,C004,3,2026-03-17,Incomplete,Pending,259,f,
393,C004,1,2026-07-13,Completed,Resolved,51,f,
394,C003,2,2026-08-22,Completed,Resolved,346,f,
395,C001,1,2026-05-15,Completed,Resolved,190,f,
396,C007,1,2026-02-16,Incomplete,Pending,516,f,
397,C014,4,2026-09-07,Escalated,Unresolved,362,t,Technical Issue
398,C021,3,2026-01-17,Completed,Resolved,292,f,
399,C001,3,2026-04-23,Completed,Resolved,350,t,
400,C013,2,2026-09-14,Completed,Resolved,216,f,
401,C012,5,2026-02-02,Completed,Resolved,207,f,
402,C002,3,2026-05-10,Completed,Resolved,372,f,
403,C002,3,2026-08-17,Completed,Resolved,194,f,
404,C002,1,2026-09-25,Completed,Resolved,349,f,
405,C015,5,2026-08-12,Completed,Resolved,362,f,
406,C004,1,2026-07-26,Incomplete,Pending,298,f,
407,C019,2,2026-04-03,Completed,Resolved,377,t,
408,C013,5,2026-03-02,Completed,Resolved,576,f,
409,C004,5,2026-05-20,Completed,Resolved,372,f,
410,C001,2,2026-05-06,Completed,Resolved,338,f,
411,C017,5,2026-05-22,Incomplete,Pending,274,f,
412,C013,4,2026-03-17,Completed,Resolved,202,f,
413,C010,4,2026-03-26,Escalated,Unresolved,139,f,Human Assistance Required
414,C006,2,2026-05-20,Completed,Resolved,456,f,
415,C001,2,2026-06-30,Escalated,Unresolved,93,f,Human Assistance Required
416,C008,2,2026-04-30,Completed,Resolved,316,t,
417,C012,5,2026-02-26,Completed,Resolved,81,f,
418,C016,4,2026-07-21,Completed,Resolved,366,f,
419,C001,3,2026-05-09,Completed,Resolved,207,f,
420,C025,4,2026-01-15,Completed,Resolved,95,f,
421,C009,5,2026-08-31,Completed,Resolved,44,f,
422,C010,5,2026-08-01,Completed,Resolved,437,f,
423,C021,5,2026-03-13,Completed,Resolved,162,f,
424,C011,2,2026-02-04,Escalated,Unresolved,174,t,Technical Issue
425,C013,1,2026-04-29,Incomplete,Pending,,f,
426,C015,4,2026-02-15,Completed,Resolved,30,f,
427,C009,4,2026-08-08,Escalated,Unresolved,94,f,Human Assistance Required
428,C013,3,2026-08-01,Completed,Resolved,537,f,
429,C011,4,2026-08-27,Completed,Resolved,233,f,
430,C004,2,2026-01-26,Incomplete,Pending,489,f,
431,C007,4,2026-02-01,Completed,Resolved,561,f,
432,C011,4,2026-01-18,Completed,Resolved,56,f,
433,C003,5,2026-09-10,Completed,Resolved,514,f,
434,C021,1,2026-02-18,Completed,Resolved,303,t,
435,C008,5,2026-06-24,Completed,Resolved,83,f,
436,C007,4,2026-02-02,Completed,Resolved,410,t,
437,C004,1,2026-06-01,Completed,Resolved,240,f,
438,C013,3,2026-09-25,Completed,Resolved,467,t,
439,C015,3,2026-07-18,Completed,Resolved,60,f,
440,C006,5,2026-07-05,Completed,Resolved,147,f,
441,C016,1,2026-01-22,Completed,Resolved,48,f,
442,C001,4,2026-03-28,Completed,Resolved,443,f,
443,C021,4,2026-04-19,Completed,Resolved,179,f,
444,C002,1,2026-02-13,Completed,Resolved,525,f,
445,C012,3,2026-05-08,Completed,Resolved,138,f,
446,C023,2,2026-09-22,Completed,Resolved,459,f,
447,C011,3,2026-03-25,Completed,Resolved,308,f,
448,C002,3,2026-03-29,Incomplete,Pending,,f,
449,C019,2,2026-02-09,Completed,Resolved,480,f,
450,C009,5,2026-06-01,Completed,Resolved,62,f,
451,C008,3,2026-08-12,Escalated,Unresolved,253,f,Human Assistance Required
452,C013,1,2026-09-10,Completed,Resolved,236,f,
453,C006,3,2026-05-26,Completed,Resolved,481,f,
454,C004,4,2026-01-14,Escalated,Unresolved,555,t,Technical Issue
455,C010,4,2026-07-02,Completed,Resolved,227,f,
456,C006,1,2026-07-05,Completed,Resolved,279,t,
457,C001,2,2026-01-01,Escalated,Unresolved,426,f,Complex Request
458,C016,1,2026-04-26,Completed,Resolved,515,f,
459,C002,4,2026-09-16,Completed,Resolved,69,f,
460,C004,5,2026-02-23,Completed,Resolved,528,t,
461,C023,2,2026-05-21,Completed,Resolved,259,f,
462,C012,5,2026-08-13,Incomplete,Pending,280,t,
463,C006,1,2026-06-14,Completed,Resolved,565,f,
464,C002,1,2026-01-10,Escalated,Unresolved,277,f,Complex Request
465,C009,2,2026-09-14,Completed,Resolved,492,f,
466,C008,1,2026-02-19,Incomplete,Pending,554,f,
467,C009,4,2026-03-16,Completed,Resolved,461,f,
468,C011,4,2026-02-14,Escalated,Unresolved,329,f,Human Assistance Required
469,C001,4,2026-04-27,Completed,Resolved,440,f,
470,C003,4,2026-06-03,Escalated,Unresolved,226,f,Technical Issue
471,C009,3,2026-06-22,Completed,Resolved,346,f,
472,C008,2,2026-08-23,Escalated,Unresolved,200,f,Complex Request
473,C003,2,2026-05-10,Escalated,Unresolved,519,f,Complex Request
474,C007,5,2026-05-09,Completed,Resolved,537,f,
475,C025,2,2026-03-28,Completed,Resolved,62,f,
476,C023,2,2026-09-13,Completed,Resolved,191,f,
477,C014,4,2026-03-30,Completed,Resolved,143,f,
478,C006,3,2026-07-27,Completed,Resolved,489,f,
479,C002,3,2026-03-11,Completed,Resolved,447,f,
480,C023,5,2026-07-19,Escalated,Unresolved,375,f,Complex Request
481,C007,5,2026-08-21,Completed,Resolved,127,f,
482,C014,4,2026-05-05,Escalated,Unresolved,193,f,Technical Issue
483,C004,2,2026-05-14,Escalated,Unresolved,385,f,Policy Restriction
484,C004,5,2026-09-19,Completed,Resolved,164,f,
485,C016,2,2026-08-03,Completed,Resolved,446,f,
486,C015,4,2026-09-14,Completed,Resolved,546,f,
487,C011,3,2026-02-03,Completed,Resolved,114,f,
488,C003,5,2026-06-08,Completed,Resolved,378,f,
489,C008,1,2026-04-07,Completed,Resolved,220,f,
490,C013,4,2026-05-06,Incomplete,Pending,415,f,
491,C010,3,2026-09-15,Escalated,Unresolved,449,f,Technical Issue
492,C020,3,2026-02-12,Completed,Resolved,229,t,
493,C017,3,2026-04-09,Incomplete,Pending,,t,
494,C006,2,2026-06-24,Completed,Resolved,179,f,
495,C012,2,2026-05-10,Completed,Resolved,165,t,
496,C007,1,2026-06-13,Completed,Resolved,40,f,
497,C023,5,2026-09-15,Completed,Resolved,416,f,
498,C012,3,2026-05-10,Completed,Resolved,216,t,
499,C017,2,2026-06-12,Completed,Resolved,476,t,
500,C021,1,2026-03-04,Completed,Resolved,224,t,
501,C014,4,2026-03-24,Escalated,Unresolved,78,f,Complex Request
502,C023,5,2026-06-28,Incomplete,Pending,316,f,
503,C014,1,2026-01-11,Incomplete,Pending,286,t,
504,C004,2,2026-03-15,Completed,Resolved,196,f,
505,C021,3,2026-06-23,Completed,Resolved,233,f,
506,C010,5,2026-08-24,Completed,Resolved,375,f,
507,C015,4,2026-02-24,Escalated,Unresolved,257,f,Human Assistance Required
508,C006,2,2026-01-14,Incomplete,Pending,,f,
509,C025,4,2026-04-08,Completed,Resolved,60,f,
510,C006,3,2026-08-08,Completed,Resolved,518,f,
511,C002,2,2026-09-11,Completed,Resolved,310,f,
512,C003,2,2026-08-30,Completed,Resolved,221,f,
513,C014,5,2026-07-03,Escalated,Unresolved,411,f,Complex Request
514,C009,3,2026-01-17,Completed,Resolved,385,f,
515,C012,1,2026-01-29,Completed,Resolved,573,f,
516,C008,5,2026-06-23,Incomplete,Pending,396,f,
517,C004,1,2026-06-29,Completed,Resolved,365,f,
518,C006,3,2026-01-22,Completed,Resolved,247,f,
519,C015,1,2026-08-17,Incomplete,Pending,,f,
520,C009,2,2026-01-23,Incomplete,Pending,,f,
521,C012,4,2026-05-03,Completed,Resolved,165,f,
522,C003,3,2026-06-12,Completed,Resolved,42,f,
523,C012,1,2026-09-19,Incomplete,Pending,279,f,
524,C001,5,2026-03-20,Completed,Resolved,306,f,
525,C016,2,2026-01-18,Completed,Resolved,443,f,
526,C004,1,2026-06-18,Completed,Resolved,320,f,
527,C011,2,2026-02-21,Completed,Resolved,494,f,
528,C004,5,2026-02-17,Completed,Resolved,212,f,
529,C008,5,2026-08-10,Completed,Resolved,308,f,
530,C016,2,2026-07-15,Completed,Resolved,172,f,
531,C001,5,2026-08-21,Completed,Resolved,398,f,
532,C015,2,2026-03-12,Completed,Resolved,396,f,
533,C002,1,2026-08-18,Completed,Resolved,566,f,
534,C023,4,2026-06-06,Incomplete,Pending,,f,
535,C007,4,2026-07-30,Completed,Resolved,62,f,
536,C015,2,2026-03-30,Completed,Resolved,167,f,
537,C004,4,2026-08-05,Completed,Resolved,125,t,
538,C025,4,2026-07-24,Completed,Resolved,366,f,
539,C007,2,2026-07-14,Completed,Resolved,227,t,
540,C006,5,2026-09-22,Completed,Resolved,89,f,
541,C022,5,2026-03-25,Completed,Resolved,252,f,
542,C021,5,2026-05-31,Completed,Resolved,144,f,
543,C007,5,2026-09-27,Completed,Resolved,81,f,
544,C007,2,2026-09-03,Completed,Resolved,456,f,
545,C002,2,2026-09-25,Completed,Resolved,573,f,
546,C009,2,2026-03-04,Completed,Resolved,455,t,
547,C017,2,2026-03-07,Completed,Resolved,108,f,
548,C022,5,2026-04-20,Completed,Resolved,32,f,
549,C006,5,2026-04-11,Completed,Resolved,218,f,
550,C003,4,2026-06-27,Completed,Resolved,398,f,
551,C002,5,2026-04-21,Completed,Resolved,479,f,
552,C001,4,2026-07-07,Completed,Resolved,525,f,
553,C016,1,2026-04-30,Completed,Resolved,462,f,
554,C010,5,2026-07-29,Completed,Resolved,124,f,
555,C003,1,2026-01-25,Completed,Resolved,530,t,
556,C007,5,2026-08-14,Escalated,Unresolved,544,f,Human Assistance Required
557,C009,4,2026-08-18,Completed,Resolved,48,f,
558,C001,2,2026-04-25,Completed,Resolved,540,f,
559,C016,1,2026-05-30,Incomplete,Pending,,f,
560,C003,2,2026-05-31,Completed,Resolved,290,f,
561,C003,2,2026-02-02,Escalated,Unresolved,578,f,Technical Issue
562,C010,4,2026-03-22,Completed,Resolved,444,f,
563,C003,2,2026-02-09,Completed,Resolved,279,f,
564,C023,3,2026-06-08,Completed,Resolved,49,f,
565,C022,3,2026-03-10,Completed,Resolved,140,f,
566,C012,4,2026-05-02,Completed,Resolved,373,f,
567,C003,1,2026-02-12,Completed,Resolved,206,f,
568,C003,1,2026-02-20,Completed,Resolved,139,f,
569,C003,5,2026-07-03,Completed,Resolved,57,f,
570,C003,3,2026-06-27,Completed,Resolved,277,f,
571,C015,4,2026-02-10,Incomplete,Pending,,f,
572,C015,3,2026-05-04,Escalated,Unresolved,249,f,Human Assistance Required
573,C006,3,2026-08-29,Completed,Resolved,194,f,
574,C002,4,2026-07-05,Incomplete,Pending,499,t,
575,C023,4,2026-07-09,Completed,Resolved,573,f,
576,C002,5,2026-03-25,Completed,Resolved,131,f,
577,C009,5,2026-07-31,Completed,Resolved,398,f,
578,C014,3,2026-01-27,Completed,Resolved,218,t,
579,C002,3,2026-02-08,Completed,Resolved,121,f,
580,C019,1,2026-08-03,Completed,Resolved,61,t,
581,C016,4,2026-02-02,Completed,Resolved,136,f,
582,C004,1,2026-05-12,Completed,Resolved,269,f,
583,C002,1,2026-01-16,Incomplete,Pending,,t,
584,C023,1,2026-08-20,Completed,Resolved,42,f,
585,C016,5,2026-07-25,Completed,Resolved,358,f,
586,C017,1,2026-07-06,Completed,Resolved,318,t,
587,C007,4,2026-03-07,Completed,Resolved,293,f,
588,C022,3,2026-06-28,Completed,Resolved,103,f,
589,C008,5,2026-01-10,Completed,Resolved,366,f,
590,C004,5,2026-08-31,Completed,Resolved,176,f,
591,C022,5,2026-03-08,Escalated,Unresolved,61,f,Technical Issue
592,C023,3,2026-02-02,Completed,Resolved,233,t,
593,C002,1,2026-09-17,Completed,Resolved,407,f,
594,C001,4,2026-06-24,Completed,Resolved,229,t,
595,C015,2,2026-07-22,Escalated,Unresolved,395,f,Other
596,C001,2,2026-05-17,Completed,Resolved,460,f,
597,C009,2,2026-09-08,Escalated,Unresolved,229,t,Technical Issue
598,C010,1,2026-01-06,Completed,Resolved,364,f,
599,C025,5,2026-03-15,Incomplete,Pending,509,f,
600,C002,3,2026-06-21,Completed,Resolved,297,f,
601,C009,4,2026-08-09,Completed,Resolved,482,f,
602,C011,2,2026-09-18,Escalated,Unresolved,404,f,Human Assistance Required
603,C023,2,2026-01-07,Completed,Resolved,125,f,
604,C019,4,2026-06-17,Completed,Resolved,317,f,
605,C007,4,2026-04-25,Incomplete,Pending,275,f,
606,C023,4,2026-05-14,Completed,Resolved,64,f,
607,C001,4,2026-08-11,Completed,Resolved,277,f,
608,C001,2,2026-01-16,Incomplete,Pending,296,f,
609,C019,2,2026-08-20,Escalated,Unresolved,182,f,Policy Restriction
610,C002,3,2026-09-12,Escalated,Unresolved,83,f,Complex Request
611,C002,3,2026-06-13,Completed,Resolved,275,f,
612,C006,5,2026-05-12,Escalated,Unresolved,77,f,Human Assistance Required
613,C022,3,2026-07-21,Completed,Resolved,226,f,
614,C022,1,2026-01-26,Completed,Resolved,261,t,
615,C002,5,2026-02-28,Completed,Resolved,278,f,
616,C008,4,2026-09-27,Completed,Resolved,530,f,
617,C025,5,2026-01-08,Completed,Resolved,229,f,
618,C010,2,2026-09-06,Completed,Resolved,332,t,
619,C009,2,2026-08-24,Completed,Resolved,484,f,
620,C001,4,2026-09-22,Escalated,Unresolved,97,f,Policy Restriction
621,C002,5,2026-02-21,Escalated,Unresolved,184,f,Policy Restriction
622,C007,4,2026-08-03,Completed,Resolved,342,f,
623,C003,4,2026-04-30,Completed,Resolved,410,f,
624,C021,1,2026-04-20,Completed,Resolved,524,f,
625,C017,5,2026-09-14,Completed,Resolved,316,f,
626,C014,1,2026-06-27,Completed,Resolved,333,f,
627,C022,1,2026-04-01,Completed,Resolved,208,f,
628,C006,3,2026-06-02,Completed,Resolved,513,f,
629,C001,1,2026-05-30,Escalated,Unresolved,566,f,Human Assistance Required
630,C011,5,2026-07-05,Incomplete,Pending,,f,
631,C003,5,2026-08-30,Escalated,Unresolved,348,f,Policy Restriction
632,C004,3,2026-05-05,Completed,Resolved,389,t,
633,C013,4,2026-01-04,Completed,Resolved,215,f,
634,C010,2,2026-06-17,Completed,Resolved,328,f,
635,C015,1,2026-01-29,Incomplete,Pending,,f,
636,C017,1,2026-06-30,Completed,Resolved,272,f,
637,C023,3,2026-03-11,Completed,Resolved,351,f,
638,C002,1,2026-02-20,Completed,Resolved,380,f,
639,C002,5,2026-07-19,Completed,Resolved,435,f,
640,C010,3,2026-01-10,Escalated,Unresolved,199,t,Policy Restriction
641,C012,2,2026-07-29,Incomplete,Pending,,f,
642,C016,1,2026-05-25,Completed,Resolved,138,f,
643,C001,4,2026-01-28,Escalated,Unresolved,106,t,Technical Issue
644,C011,4,2026-06-10,Escalated,Unresolved,536,f,Complex Request
645,C016,1,2026-03-20,Incomplete,Pending,442,f,
646,C001,1,2026-05-22,Completed,Resolved,465,f,
647,C003,2,2026-04-13,Incomplete,Pending,513,f,
648,C006,4,2026-05-11,Completed,Resolved,282,f,
649,C015,2,2026-04-27,Completed,Resolved,194,f,
650,C023,1,2026-03-13,Completed,Resolved,470,f,
651,C015,2,2026-04-15,Completed,Resolved,399,f,
652,C003,1,2026-04-12,Escalated,Unresolved,571,f,Technical Issue
653,C006,1,2026-05-28,Completed,Resolved,550,f,
654,C006,2,2026-03-11,Escalated,Unresolved,156,f,Human Assistance Required
655,C003,2,2026-09-05,Incomplete,Pending,515,f,
656,C016,2,2026-07-02,Completed,Resolved,478,t,
657,C009,5,2026-09-24,Completed,Resolved,419,f,
658,C020,3,2026-02-02,Completed,Resolved,30,f,
659,C011,1,2026-07-16,Completed,Resolved,37,f,
660,C017,2,2026-01-26,Completed,Resolved,537,f,
661,C001,3,2026-03-24,Completed,Resolved,365,t,
662,C006,1,2026-05-17,Completed,Resolved,276,f,
663,C008,1,2026-07-25,Completed,Resolved,497,f,
664,C012,3,2026-04-28,Completed,Resolved,438,f,
665,C002,3,2026-06-07,Completed,Resolved,285,f,
666,C009,4,2026-09-23,Escalated,Unresolved,366,f,Human Assistance Required
667,C014,2,2026-04-10,Completed,Resolved,63,f,
668,C001,5,2026-06-28,Incomplete,Pending,483,f,
669,C013,5,2026-05-17,Escalated,Unresolved,311,f,Complex Request
670,C004,5,2026-07-14,Completed,Resolved,424,f,
671,C022,3,2026-04-24,Completed,Resolved,533,f,
672,C019,2,2026-01-15,Incomplete,Pending,,f,
673,C016,4,2026-04-28,Escalated,Unresolved,459,f,Technical Issue
674,C014,4,2026-03-12,Completed,Resolved,475,f,
675,C006,2,2026-08-11,Completed,Resolved,114,f,
676,C004,5,2026-08-03,Escalated,Unresolved,266,f,Human Assistance Required
677,C023,5,2026-02-27,Completed,Resolved,178,f,
678,C003,1,2026-01-28,Completed,Resolved,501,f,
679,C022,4,2026-03-19,Incomplete,Pending,523,f,
680,C020,1,2026-04-14,Escalated,Unresolved,77,f,Other
681,C016,5,2026-04-05,Completed,Resolved,437,f,
682,C002,5,2026-09-29,Completed,Resolved,379,f,
683,C022,3,2026-03-27,Completed,Resolved,538,f,
684,C023,2,2026-08-13,Completed,Resolved,468,f,
685,C007,4,2026-07-25,Completed,Resolved,442,f,
686,C012,1,2026-07-05,Completed,Resolved,267,f,
687,C022,2,2026-06-19,Completed,Resolved,573,f,
688,C001,5,2026-04-29,Completed,Resolved,58,f,
689,C009,3,2026-05-03,Completed,Resolved,371,f,
690,C020,2,2026-01-20,Completed,Resolved,279,f,
691,C017,2,2026-02-06,Incomplete,Pending,,f,
692,C012,2,2026-09-25,Escalated,Unresolved,120,f,Policy Restriction
693,C012,3,2026-06-28,Completed,Resolved,120,f,
694,C022,2,2026-04-19,Completed,Resolved,251,f,
695,C015,4,2026-03-31,Completed,Resolved,77,f,
696,C002,2,2026-09-17,Completed,Resolved,272,f,
697,C016,2,2026-06-25,Completed,Resolved,48,f,
698,C007,5,2026-02-04,Escalated,Unresolved,513,f,Human Assistance Required
699,C007,4,2026-07-29,Completed,Resolved,455,t,
700,C023,3,2026-02-25,Completed,Resolved,153,f,
701,C003,1,2026-08-07,Completed,Resolved,179,f,
702,C023,5,2026-03-02,Completed,Resolved,489,f,
703,C003,5,2026-08-26,Completed,Resolved,214,f,
704,C006,1,2026-05-03,Completed,Resolved,252,f,
705,C006,4,2026-09-14,Completed,Resolved,188,f,
706,C004,3,2026-06-01,Escalated,Unresolved,124,f,Technical Issue
707,C011,1,2026-08-11,Incomplete,Pending,371,f,
708,C020,3,2026-08-11,Completed,Resolved,433,f,
709,C014,5,2026-04-07,Incomplete,Pending,,f,
710,C006,1,2026-09-27,Completed,Resolved,257,f,
711,C002,3,2026-04-14,Completed,Resolved,330,f,
712,C001,1,2026-01-13,Completed,Resolved,446,f,
713,C014,2,2026-04-09,Escalated,Unresolved,236,f,Human Assistance Required
714,C012,1,2026-04-05,Escalated,Unresolved,400,f,Technical Issue
715,C010,1,2026-03-08,Escalated,Unresolved,148,f,Technical Issue
716,C016,5,2026-06-28,Completed,Resolved,499,t,
717,C006,1,2026-07-21,Completed,Resolved,296,f,
718,C020,4,2026-02-08,Completed,Resolved,74,f,
719,C009,3,2026-01-25,Completed,Resolved,411,f,
720,C023,1,2026-03-19,Completed,Resolved,305,t,
721,C001,2,2026-08-31,Incomplete,Pending,,f,
722,C008,2,2026-09-19,Completed,Resolved,464,f,
723,C013,1,2026-03-07,Completed,Resolved,224,t,
724,C006,4,2026-03-11,Escalated,Unresolved,402,f,Technical Issue
725,C017,3,2026-01-26,Completed,Resolved,258,f,
726,C021,1,2026-08-09,Completed,Resolved,155,f,
727,C006,1,2026-01-31,Completed,Resolved,399,f,
728,C012,4,2026-07-29,Completed,Resolved,298,t,
729,C016,3,2026-01-18,Completed,Resolved,388,t,
730,C007,4,2026-08-04,Completed,Resolved,269,f,
731,C025,4,2026-08-13,Completed,Resolved,452,f,
732,C003,5,2026-04-28,Incomplete,Pending,,f,
733,C006,4,2026-01-31,Completed,Resolved,132,f,
734,C002,1,2026-03-24,Completed,Resolved,279,f,
735,C017,5,2026-08-31,Completed,Resolved,482,f,
736,C002,3,2026-05-24,Completed,Resolved,502,f,
737,C023,1,2026-09-17,Incomplete,Pending,379,f,
738,C003,5,2026-02-11,Completed,Resolved,463,f,
739,C015,5,2026-09-05,Completed,Resolved,239,f,
740,C001,1,2026-09-23,Completed,Resolved,57,f,
741,C004,2,2026-07-07,Completed,Resolved,526,f,
742,C012,3,2026-02-06,Completed,Resolved,156,f,
743,C022,4,2026-04-05,Incomplete,Pending,351,f,
744,C004,3,2026-01-31,Completed,Resolved,107,f,
745,C016,5,2026-02-24,Completed,Resolved,546,f,
746,C017,1,2026-08-03,Escalated,Unresolved,561,f,Other
747,C022,4,2026-09-02,Completed,Resolved,385,f,
748,C006,1,2026-05-19,Completed,Resolved,407,f,
749,C013,1,2026-01-10,Completed,Resolved,134,t,
750,C017,1,2026-02-27,Escalated,Unresolved,224,f,Human Assistance Required
751,C007,1,2026-04-19,Incomplete,Pending,502,f,
752,C021,1,2026-04-17,Completed,Resolved,199,f,
753,C003,1,2026-09-24,Completed,Resolved,117,t,
754,C006,1,2026-07-20,Completed,Resolved,550,f,
755,C002,3,2026-07-18,Incomplete,Pending,,f,
756,C012,2,2026-07-18,Completed,Resolved,346,f,
757,C021,5,2026-01-06,Completed,Resolved,158,t,
758,C020,5,2026-07-21,Escalated,Unresolved,366,f,Complex Request
759,C003,4,2026-08-13,Incomplete,Pending,370,f,
760,C009,2,2026-06-18,Completed,Resolved,487,f,
761,C001,2,2026-09-20,Incomplete,Pending,,f,
762,C003,4,2026-05-15,Completed,Resolved,571,f,
763,C015,4,2026-05-18,Escalated,Unresolved,556,f,Human Assistance Required
764,C023,4,2026-02-21,Completed,Resolved,380,f,
765,C010,4,2026-06-19,Incomplete,Pending,502,t,
766,C006,3,2026-09-25,Incomplete,Pending,519,f,
767,C009,1,2026-03-15,Completed,Resolved,440,t,
768,C015,4,2026-03-01,Incomplete,Pending,393,f,
769,C008,3,2026-04-17,Completed,Resolved,49,f,
770,C006,4,2026-05-15,Completed,Resolved,131,f,
771,C004,1,2026-09-01,Escalated,Unresolved,353,f,Complex Request
772,C003,1,2026-06-15,Completed,Resolved,44,f,
773,C020,1,2026-04-24,Completed,Resolved,522,f,
774,C016,1,2026-04-07,Completed,Resolved,572,t,
775,C009,4,2026-06-30,Incomplete,Pending,385,f,
776,C010,2,2026-07-18,Completed,Resolved,360,f,
777,C023,2,2026-09-07,Completed,Resolved,274,f,
778,C008,4,2026-08-05,Escalated,Unresolved,300,f,Other
779,C017,1,2026-06-14,Completed,Resolved,129,f,
780,C013,3,2026-08-24,Completed,Resolved,468,f,
781,C023,4,2026-08-06,Incomplete,Pending,399,f,
782,C017,5,2026-06-10,Incomplete,Pending,442,f,
783,C012,4,2026-09-15,Completed,Resolved,368,f,
784,C019,3,2026-09-29,Completed,Resolved,70,f,
785,C016,1,2026-06-21,Completed,Resolved,32,f,
786,C006,3,2026-04-08,Completed,Resolved,474,f,
787,C014,5,2026-07-23,Completed,Resolved,41,f,
788,C004,4,2026-09-08,Completed,Resolved,392,t,
789,C002,4,2026-09-02,Completed,Resolved,579,f,
790,C008,3,2026-06-20,Completed,Resolved,410,t,
791,C006,1,2026-06-28,Completed,Resolved,331,f,
792,C019,4,2026-04-11,Escalated,Unresolved,560,f,Human Assistance Required
793,C008,4,2026-05-05,Escalated,Unresolved,132,f,Other
794,C004,2,2026-05-10,Escalated,Unresolved,113,f,Policy Restriction
795,C008,4,2026-07-01,Completed,Resolved,556,f,
796,C002,2,2026-02-12,Completed,Resolved,51,f,
797,C011,3,2026-07-06,Completed,Resolved,402,f,
798,C006,4,2026-06-11,Completed,Resolved,141,f,
799,C016,3,2026-09-20,Escalated,Unresolved,41,f,Technical Issue
800,C019,2,2026-08-24,Escalated,Unresolved,389,f,Other
801,C002,1,2026-09-04,Completed,Resolved,282,f,
802,C004,2,2026-08-02,Completed,Resolved,162,f,
803,C023,3,2026-07-17,Completed,Resolved,354,f,
804,C015,3,2026-03-09,Completed,Resolved,202,f,
805,C001,3,2026-01-28,Completed,Resolved,502,f,
806,C006,2,2026-02-03,Completed,Resolved,176,f,
807,C001,5,2026-03-28,Incomplete,Pending,343,f,
808,C003,4,2026-08-08,Completed,Resolved,524,f,
809,C017,5,2026-02-22,Incomplete,Pending,458,f,
810,C023,4,2026-04-18,Incomplete,Pending,264,f,
811,C001,2,2026-06-27,Completed,Resolved,227,f,
812,C008,2,2026-06-15,Completed,Resolved,466,f,
813,C009,4,2026-08-01,Completed,Resolved,254,f,
814,C023,1,2026-06-11,Completed,Resolved,91,f,
815,C003,5,2026-02-16,Completed,Resolved,321,f,
816,C007,1,2026-09-03,Completed,Resolved,538,f,
817,C004,2,2026-08-15,Completed,Resolved,117,f,
818,C022,2,2026-01-25,Completed,Resolved,513,f,
819,C004,5,2026-06-24,Escalated,Unresolved,344,f,Other
820,C001,3,2026-09-08,Escalated,Unresolved,335,f,Technical Issue
821,C011,2,2026-06-14,Completed,Resolved,345,f,
822,C004,2,2026-03-13,Incomplete,Pending,,t,
823,C009,1,2026-06-30,Completed,Resolved,286,f,
824,C004,1,2026-09-09,Completed,Resolved,289,f,
825,C006,5,2026-06-26,Completed,Resolved,374,f,
826,C022,1,2026-01-11,Escalated,Unresolved,504,f,Complex Request
827,C015,2,2026-01-12,Completed,Resolved,134,f,
828,C022,2,2026-06-30,Completed,Resolved,222,f,
829,C006,2,2026-01-19,Completed,Resolved,510,f,
830,C022,5,2026-03-03,Escalated,Unresolved,365,f,Policy Restriction
831,C016,5,2026-04-01,Completed,Resolved,78,f,
832,C001,5,2026-09-04,Completed,Resolved,57,f,
833,C003,4,2026-05-14,Escalated,Unresolved,484,f,Technical Issue
834,C002,2,2026-07-22,Escalated,Unresolved,327,f,Technical Issue
835,C008,2,2026-07-27,Incomplete,Pending,330,f,
836,C011,1,2026-01-25,Incomplete,Pending,,f,
837,C015,1,2026-01-15,Completed,Resolved,516,f,
838,C012,1,2026-09-20,Escalated,Unresolved,459,f,Other
839,C021,5,2026-06-05,Completed,Resolved,109,f,
840,C012,5,2026-07-02,Completed,Resolved,131,f,
841,C009,3,2026-08-16,Completed,Resolved,217,f,
842,C012,3,2026-08-21,Incomplete,Pending,,f,
843,C001,5,2026-05-02,Completed,Resolved,561,t,
844,C013,2,2026-01-14,Completed,Resolved,447,f,
845,C016,5,2026-01-18,Completed,Resolved,177,f,
846,C008,4,2026-01-09,Completed,Resolved,336,f,
847,C007,4,2026-05-14,Completed,Resolved,384,f,
848,C015,1,2026-04-04,Escalated,Unresolved,411,f,Complex Request
849,C012,5,2026-07-18,Completed,Resolved,222,f,
850,C014,2,2026-05-03,Completed,Resolved,262,f,
851,C009,4,2026-09-10,Completed,Resolved,267,f,
852,C011,2,2026-01-23,Completed,Resolved,537,f,
853,C019,2,2026-09-12,Completed,Resolved,420,f,
854,C004,3,2026-04-11,Completed,Resolved,488,f,
855,C008,1,2026-04-05,Incomplete,Pending,315,t,
856,C021,3,2026-03-11,Completed,Resolved,237,f,
857,C004,1,2026-02-02,Completed,Resolved,112,f,
858,C016,5,2026-05-03,Completed,Resolved,511,f,
859,C006,3,2026-08-09,Escalated,Unresolved,522,t,Other
860,C006,1,2026-03-27,Completed,Resolved,265,f,
861,C012,4,2026-02-07,Completed,Resolved,367,f,
862,C025,3,2026-06-17,Escalated,Unresolved,545,f,Other
863,C004,5,2026-02-17,Escalated,Unresolved,321,f,Other
864,C001,5,2026-06-05,Incomplete,Pending,559,f,
865,C006,3,2026-01-14,Completed,Resolved,555,f,
866,C006,5,2026-03-25,Completed,Resolved,450,f,
867,C012,4,2026-03-31,Completed,Resolved,511,f,
868,C014,3,2026-08-01,Completed,Resolved,459,f,
869,C001,5,2026-06-16,Completed,Resolved,465,f,
870,C023,1,2026-07-05,Incomplete,Pending,330,f,
871,C013,3,2026-07-11,Completed,Resolved,508,f,
872,C022,1,2026-05-06,Completed,Resolved,261,f,
873,C001,4,2026-02-11,Incomplete,Pending,,t,
874,C006,5,2026-03-16,Completed,Resolved,228,f,
875,C004,1,2026-01-18,Incomplete,Pending,573,f,
876,C022,2,2026-07-16,Completed,Resolved,435,f,
877,C019,2,2026-08-20,Completed,Resolved,408,f,
878,C025,5,2026-06-20,Completed,Resolved,34,f,
879,C012,2,2026-07-26,Completed,Resolved,441,f,
880,C001,3,2026-01-18,Completed,Resolved,263,t,
881,C017,2,2026-01-21,Completed,Resolved,231,f,
882,C002,2,2026-08-01,Completed,Resolved,475,f,
883,C006,3,2026-07-29,Incomplete,Pending,,f,
884,C015,3,2026-07-12,Escalated,Unresolved,490,f,Human Assistance Required
885,C012,4,2026-05-31,Completed,Resolved,515,f,
886,C010,4,2026-06-10,Incomplete,Pending,,t,
887,C001,4,2026-08-01,Completed,Resolved,548,f,
888,C004,2,2026-04-01,Incomplete,Pending,479,f,
889,C015,1,2026-01-18,Escalated,Unresolved,405,t,Policy Restriction
890,C006,5,2026-05-08,Completed,Resolved,326,t,
891,C023,3,2026-08-17,Completed,Resolved,476,f,
892,C001,3,2026-03-03,Completed,Resolved,343,f,
893,C017,5,2026-03-11,Completed,Resolved,148,f,
894,C016,4,2026-06-13,Completed,Resolved,570,f,
895,C001,2,2026-05-05,Completed,Resolved,404,f,
896,C017,1,2026-09-06,Completed,Resolved,272,f,
897,C004,5,2026-01-21,Completed,Resolved,168,f,
898,C001,3,2026-06-22,Completed,Resolved,106,f,
899,C013,5,2026-05-25,Completed,Resolved,116,f,
900,C022,4,2026-03-16,Completed,Resolved,184,f,
901,C014,1,2026-04-19,Completed,Resolved,570,f,
902,C007,1,2026-03-31,Completed,Resolved,563,f,
903,C010,4,2026-07-08,Escalated,Unresolved,510,f,Technical Issue
904,C019,3,2026-02-25,Completed,Resolved,41,f,
905,C006,4,2026-07-29,Completed,Resolved,420,f,
906,C006,1,2026-09-03,Completed,Resolved,224,f,
907,C007,4,2026-06-14,Completed,Resolved,382,f,
908,C004,5,2026-03-26,Completed,Resolved,199,f,
909,C001,2,2026-07-27,Completed,Resolved,336,f,
910,C004,3,2026-04-24,Completed,Resolved,402,f,
911,C002,1,2026-06-07,Completed,Resolved,440,t,
912,C015,3,2026-07-29,Completed,Resolved,464,f,
913,C006,1,2026-06-11,Completed,Resolved,317,f,
914,C014,3,2026-07-04,Completed,Resolved,383,f,
915,C001,5,2026-01-30,Completed,Resolved,128,f,
916,C003,2,2026-06-21,Completed,Resolved,523,f,
917,C010,1,2026-02-28,Completed,Resolved,399,f,
918,C022,5,2026-02-06,Incomplete,Pending,,f,
919,C007,1,2026-04-05,Completed,Resolved,545,f,
920,C021,5,2026-02-12,Completed,Resolved,463,f,
921,C006,5,2026-08-11,Completed,Resolved,77,f,
922,C021,5,2026-06-22,Escalated,Unresolved,470,f,Complex Request
923,C025,4,2026-07-30,Completed,Resolved,91,f,
924,C007,4,2026-08-16,Completed,Resolved,495,f,
925,C001,2,2026-01-04,Completed,Resolved,519,f,
926,C016,5,2026-01-13,Completed,Resolved,47,f,
927,C015,2,2026-04-16,Escalated,Unresolved,310,f,Complex Request
928,C003,5,2026-03-16,Incomplete,Pending,,f,
929,C003,1,2026-07-31,Completed,Resolved,395,f,
930,C001,4,2026-03-09,Escalated,Unresolved,110,f,Technical Issue
931,C008,1,2026-02-18,Completed,Resolved,128,f,
932,C004,4,2026-04-25,Completed,Resolved,260,f,
933,C001,3,2026-01-02,Incomplete,Pending,294,f,
934,C004,5,2026-04-08,Completed,Resolved,106,f,
935,C004,4,2026-07-03,Completed,Resolved,65,t,
936,C002,5,2026-04-11,Incomplete,Pending,563,f,
937,C009,5,2026-05-29,Completed,Resolved,139,f,
938,C002,2,2026-04-09,Completed,Resolved,265,f,
939,C022,4,2026-04-16,Completed,Resolved,487,f,
940,C013,5,2026-04-29,Completed,Resolved,177,f,
941,C016,3,2026-03-12,Escalated,Unresolved,306,f,Human Assistance Required
942,C022,5,2026-04-17,Completed,Resolved,547,f,
943,C020,2,2026-06-29,Escalated,Unresolved,206,f,Technical Issue
944,C004,2,2026-02-28,Completed,Resolved,419,f,
945,C015,2,2026-01-30,Completed,Resolved,533,f,
946,C013,5,2026-05-03,Completed,Resolved,250,f,
947,C015,3,2026-06-01,Escalated,Unresolved,176,f,Policy Restriction
948,C007,1,2026-02-15,Escalated,Unresolved,173,f,Complex Request
949,C004,2,2026-04-20,Escalated,Unresolved,437,f,Technical Issue
950,C017,3,2026-03-26,Escalated,Unresolved,105,f,Other
951,C004,1,2026-07-15,Incomplete,Pending,485,f,
952,C016,3,2026-01-02,Completed,Resolved,257,t,
953,C003,4,2026-02-20,Completed,Resolved,211,f,
954,C011,4,2026-07-06,Completed,Resolved,547,f,
955,C002,2,2026-04-19,Completed,Resolved,91,f,
956,C023,4,2026-04-15,Completed,Resolved,298,f,
957,C013,3,2026-07-07,Completed,Resolved,245,f,
958,C009,5,2026-06-10,Completed,Resolved,508,f,
959,C004,1,2026-03-05,Escalated,Unresolved,388,f,Complex Request
960,C008,3,2026-04-07,Completed,Resolved,371,f,
961,C004,2,2026-01-28,Completed,Resolved,319,f,
962,C004,4,2026-02-24,Completed,Resolved,299,f,
963,C002,2,2026-04-21,Completed,Resolved,484,f,
964,C014,3,2026-04-26,Completed,Resolved,152,f,
965,C008,2,2026-05-15,Completed,Resolved,422,f,
966,C006,5,2026-02-08,Completed,Resolved,182,f,
967,C003,2,2026-09-10,Completed,Resolved,56,f,
968,C004,1,2026-02-05,Completed,Resolved,250,f,
969,C013,3,2026-09-16,Escalated,Unresolved,327,f,Other
970,C007,4,2026-01-21,Completed,Resolved,296,f,
971,C003,4,2026-03-25,Completed,Resolved,560,t,
972,C007,3,2026-05-30,Completed,Resolved,509,f,
973,C001,4,2026-06-20,Completed,Resolved,310,f,
974,C006,1,2026-06-16,Completed,Resolved,402,f,
975,C006,1,2026-01-26,Escalated,Unresolved,97,f,Policy Restriction
976,C022,3,2026-07-17,Completed,Resolved,83,f,
977,C002,4,2026-03-07,Incomplete,Pending,529,f,
978,C010,5,2026-04-02,Completed,Resolved,351,t,
979,C007,4,2026-08-20,Escalated,Unresolved,511,f,Other
980,C014,4,2026-09-14,Completed,Resolved,534,f,
981,C002,5,2026-03-16,Completed,Resolved,203,f,
982,C002,5,2026-05-25,Completed,Resolved,65,t,
983,C006,5,2026-09-06,Completed,Resolved,278,f,
984,C011,5,2026-07-11,Completed,Resolved,552,f,
985,C012,2,2026-02-05,Completed,Resolved,566,f,
986,C003,2,2026-02-21,Completed,Resolved,146,f,
987,C001,1,2026-04-04,Completed,Resolved,139,f,
988,C002,3,2026-08-17,Completed,Resolved,46,f,
989,C013,4,2026-09-24,Completed,Resolved,458,f,
990,C002,4,2026-02-16,Incomplete,Pending,473,t,
991,C002,5,2026-02-17,Completed,Resolved,444,f,
992,C007,2,2026-05-15,Completed,Resolved,451,f,
993,C017,5,2026-05-09,Incomplete,Pending,,f,
994,C016,4,2026-04-03,Completed,Resolved,81,f,
995,C006,1,2026-09-29,Escalated,Unresolved,379,t,Complex Request
996,C010,4,2026-08-06,Completed,Resolved,507,f,
997,C014,4,2026-03-20,Completed,Resolved,90,f,
998,C008,1,2026-09-24,Completed,Resolved,412,f,
999,C006,4,2026-03-27,Completed,Resolved,290,f,
1000,C013,5,2026-05-09,Escalated,Unresolved,135,f,Human Assistance Required
1001,C012,3,2026-08-13,Incomplete,Pending,,f,
1002,C012,2,2026-07-09,Completed,Resolved,500,f,
1003,C017,5,2026-04-02,Completed,Resolved,533,f,
1004,C006,1,2026-08-24,Completed,Resolved,41,f,
1005,C017,5,2026-03-28,Completed,Resolved,248,f,
1006,C001,1,2026-08-18,Completed,Resolved,552,f,
1007,C010,1,2026-06-04,Completed,Resolved,303,f,
1008,C015,2,2026-09-26,Completed,Resolved,394,f,
1009,C001,2,2026-09-10,Completed,Resolved,191,f,
1010,C012,2,2026-09-22,Completed,Resolved,426,f,
1011,C003,3,2026-04-05,Escalated,Unresolved,58,f,Human Assistance Required
1012,C008,3,2026-04-21,Escalated,Unresolved,555,f,Human Assistance Required
1013,C010,2,2026-07-22,Incomplete,Pending,402,f,
1014,C004,3,2026-01-24,Completed,Resolved,244,t,
1015,C023,2,2026-02-28,Completed,Resolved,151,f,
1016,C017,5,2026-07-11,Completed,Resolved,558,f,
1017,C007,5,2026-01-24,Escalated,Unresolved,136,f,Human Assistance Required
1018,C006,3,2026-06-05,Completed,Resolved,437,f,
1019,C015,3,2026-03-07,Incomplete,Pending,468,f,
1020,C002,1,2026-07-19,Incomplete,Pending,,f,
1021,C006,4,2026-08-28,Completed,Resolved,54,t,
1022,C006,3,2026-08-01,Escalated,Unresolved,565,f,Technical Issue
1023,C017,1,2026-01-15,Escalated,Unresolved,432,f,Policy Restriction
1024,C025,1,2026-08-25,Escalated,Unresolved,78,f,Human Assistance Required
1025,C002,2,2026-08-18,Completed,Resolved,121,f,
1026,C006,4,2026-04-20,Escalated,Unresolved,260,f,Technical Issue
1027,C001,1,2026-08-14,Escalated,Unresolved,272,f,Other
1028,C004,1,2026-06-29,Completed,Resolved,48,f,
1029,C007,4,2026-08-20,Completed,Resolved,349,t,
1030,C025,4,2026-04-08,Completed,Resolved,44,f,
1031,C023,3,2026-07-19,Incomplete,Pending,,f,
1032,C016,2,2026-01-18,Escalated,Unresolved,453,f,Policy Restriction
1033,C006,1,2026-02-07,Escalated,Unresolved,115,f,Complex Request
1034,C006,4,2026-09-14,Completed,Resolved,203,f,
1035,C015,3,2026-02-11,Completed,Resolved,343,f,
1036,C017,2,2026-09-29,Completed,Resolved,470,f,
1037,C006,4,2026-05-22,Completed,Resolved,363,t,
1038,C002,4,2026-08-13,Completed,Resolved,383,f,
1039,C004,1,2026-01-08,Escalated,Unresolved,36,f,Human Assistance Required
1040,C015,5,2026-05-04,Completed,Resolved,318,f,
1041,C002,5,2026-09-05,Completed,Resolved,579,f,
1042,C017,2,2026-09-01,Incomplete,Pending,511,f,
1043,C014,3,2026-03-21,Completed,Resolved,106,f,
1044,C002,3,2026-06-08,Escalated,Unresolved,409,f,Other
1045,C001,5,2026-02-20,Escalated,Unresolved,42,t,Human Assistance Required
1046,C025,1,2026-01-17,Incomplete,Pending,,f,
1047,C014,3,2026-05-24,Completed,Resolved,521,f,
1048,C004,4,2026-03-02,Completed,Resolved,469,f,
1049,C002,2,2026-02-26,Completed,Resolved,232,f,
1050,C011,5,2026-09-30,Completed,Resolved,123,f,
1051,C001,4,2026-09-08,Completed,Resolved,86,f,
1052,C017,4,2026-08-07,Completed,Resolved,237,f,
1053,C006,3,2026-04-08,Completed,Resolved,283,f,
1054,C012,1,2026-07-01,Completed,Resolved,335,f,
1055,C010,4,2026-08-18,Completed,Resolved,263,f,
1056,C001,1,2026-01-19,Escalated,Unresolved,515,f,Complex Request
1057,C004,3,2026-09-16,Completed,Resolved,340,f,
1058,C022,5,2026-03-11,Completed,Resolved,570,f,
1059,C013,5,2026-05-22,Completed,Resolved,541,t,
1060,C015,4,2026-07-17,Completed,Resolved,447,f,
1061,C020,5,2026-05-21,Completed,Resolved,58,f,
1062,C006,2,2026-08-31,Completed,Resolved,329,f,
1063,C009,3,2026-02-28,Completed,Resolved,87,f,
1064,C011,2,2026-04-14,Completed,Resolved,406,f,
1065,C016,5,2026-02-25,Completed,Resolved,513,f,
1066,C019,4,2026-08-19,Completed,Resolved,503,f,
1067,C001,1,2026-09-30,Completed,Resolved,101,f,
1068,C009,5,2026-02-20,Completed,Resolved,567,f,
1069,C004,5,2026-01-06,Completed,Resolved,280,t,
1070,C011,2,2026-07-07,Completed,Resolved,172,f,
1071,C013,1,2026-06-15,Completed,Resolved,482,f,
1072,C012,1,2026-05-28,Completed,Resolved,271,t,
1073,C008,3,2026-03-24,Escalated,Unresolved,364,f,Human Assistance Required
1074,C006,2,2026-09-20,Completed,Resolved,569,f,
1075,C014,3,2026-07-21,Completed,Resolved,332,f,
1076,C002,1,2026-08-19,Escalated,Unresolved,420,f,Complex Request
1077,C006,3,2026-09-30,Completed,Resolved,384,f,
1078,C002,4,2026-04-17,Completed,Resolved,263,f,
1079,C013,1,2026-02-12,Completed,Resolved,56,f,
1080,C008,3,2026-09-28,Completed,Resolved,286,f,
1081,C004,1,2026-09-18,Escalated,Unresolved,288,f,Human Assistance Required
1082,C020,4,2026-03-23,Escalated,Unresolved,191,f,Other
1083,C016,2,2026-02-16,Completed,Resolved,42,f,
1084,C003,3,2026-04-19,Escalated,Unresolved,249,f,Other
1085,C006,5,2026-02-09,Completed,Resolved,468,f,
1086,C014,4,2026-04-04,Completed,Resolved,181,f,
1087,C004,1,2026-09-13,Incomplete,Pending,381,f,
1088,C002,1,2026-01-28,Completed,Resolved,81,f,
1089,C023,2,2026-09-14,Escalated,Unresolved,292,f,Policy Restriction
1090,C001,2,2026-08-13,Completed,Resolved,407,f,
1091,C004,1,2026-09-20,Completed,Resolved,396,f,
1092,C017,2,2026-01-18,Completed,Resolved,125,t,
1093,C012,1,2026-06-10,Completed,Resolved,325,f,
1094,C012,5,2026-06-11,Completed,Resolved,298,t,
1095,C007,3,2026-02-14,Escalated,Unresolved,288,t,Human Assistance Required
1096,C001,2,2026-02-20,Completed,Resolved,142,f,
1097,C025,5,2026-01-10,Incomplete,Pending,,f,
1098,C017,5,2026-06-28,Incomplete,Pending,,t,
1099,C012,2,2026-03-14,Completed,Resolved,193,f,
1100,C022,4,2026-08-22,Completed,Resolved,232,f,
1101,C001,2,2026-03-08,Completed,Resolved,87,f,
1102,C009,2,2026-08-08,Escalated,Unresolved,435,t,Technical Issue
1103,C010,3,2026-01-27,Completed,Resolved,579,t,
1104,C006,4,2026-07-14,Completed,Resolved,475,f,
1105,C012,2,2026-07-24,Completed,Resolved,50,f,
1106,C008,3,2026-07-19,Escalated,Unresolved,444,f,Other
1107,C007,5,2026-05-06,Completed,Resolved,411,f,
1108,C014,5,2026-06-06,Completed,Resolved,225,f,
1109,C002,2,2026-06-24,Completed,Resolved,412,f,
1110,C007,1,2026-09-30,Completed,Resolved,563,f,
1111,C011,2,2026-09-13,Completed,Resolved,187,f,
1112,C002,4,2026-06-12,Completed,Resolved,468,f,
1113,C001,4,2026-07-16,Completed,Resolved,350,f,
1114,C001,5,2026-07-18,Completed,Resolved,508,f,
1115,C004,3,2026-03-20,Completed,Resolved,482,f,
1116,C013,1,2026-02-22,Completed,Resolved,161,f,
1117,C014,4,2026-08-20,Completed,Resolved,193,f,
1118,C011,1,2026-07-23,Incomplete,Pending,433,t,
1119,C009,5,2026-01-03,Completed,Resolved,532,f,
1120,C006,2,2026-07-14,Completed,Resolved,386,t,
1121,C012,4,2026-07-08,Completed,Resolved,293,f,
1122,C002,3,2026-05-25,Completed,Resolved,565,f,
1123,C011,2,2026-06-19,Incomplete,Pending,310,f,
1124,C007,5,2026-05-30,Completed,Resolved,412,f,
1125,C013,5,2026-05-20,Incomplete,Pending,546,f,
1126,C003,2,2026-05-25,Escalated,Unresolved,578,f,Human Assistance Required
1127,C002,3,2026-02-06,Completed,Resolved,164,f,
1128,C004,4,2026-03-16,Completed,Resolved,422,f,
1129,C004,2,2026-08-07,Completed,Resolved,330,f,
1130,C017,1,2026-06-09,Completed,Resolved,533,f,
1131,C017,5,2026-02-06,Completed,Resolved,386,f,
1132,C021,1,2026-08-03,Completed,Resolved,286,f,
1133,C015,1,2026-01-06,Completed,Resolved,451,t,
1134,C007,4,2026-07-16,Completed,Resolved,157,f,
1135,C010,4,2026-09-03,Completed,Resolved,351,f,
1136,C007,1,2026-07-31,Incomplete,Pending,556,f,
1137,C017,4,2026-08-27,Completed,Resolved,68,f,
1138,C011,1,2026-09-19,Completed,Resolved,436,f,
1139,C008,4,2026-03-16,Completed,Resolved,56,f,
1140,C007,4,2026-06-26,Completed,Resolved,308,f,
1141,C025,5,2026-08-31,Escalated,Unresolved,287,f,Other
1142,C002,3,2026-04-07,Completed,Resolved,533,f,
1143,C025,1,2026-07-08,Completed,Resolved,509,f,
1144,C002,3,2026-03-18,Escalated,Unresolved,504,f,Complex Request
1145,C016,2,2026-07-21,Escalated,Unresolved,373,f,Policy Restriction
1146,C003,3,2026-08-02,Completed,Resolved,533,f,
1147,C009,3,2026-03-29,Completed,Resolved,285,t,
1148,C002,1,2026-01-06,Escalated,Unresolved,173,f,Human Assistance Required
1149,C013,5,2026-05-15,Completed,Resolved,241,t,
1150,C009,3,2026-01-04,Incomplete,Pending,315,f,
1151,C001,5,2026-06-09,Completed,Resolved,354,f,
1152,C006,1,2026-05-22,Incomplete,Pending,408,f,
1153,C011,5,2026-09-18,Escalated,Unresolved,497,f,Policy Restriction
1154,C004,2,2026-02-16,Completed,Resolved,50,f,
1155,C016,1,2026-05-13,Completed,Resolved,269,f,
1156,C006,2,2026-02-18,Completed,Resolved,135,t,
1157,C014,4,2026-04-29,Escalated,Unresolved,69,t,Technical Issue
1158,C016,5,2026-08-22,Incomplete,Pending,,f,
1159,C017,2,2026-07-21,Escalated,Unresolved,310,f,Technical Issue
1160,C012,4,2026-02-18,Completed,Resolved,337,t,
1161,C020,4,2026-07-28,Completed,Resolved,180,f,
1162,C004,5,2026-09-30,Escalated,Unresolved,63,f,Complex Request
1163,C008,1,2026-05-11,Completed,Resolved,204,f,
1164,C015,4,2026-07-18,Escalated,Unresolved,79,t,Policy Restriction
1165,C016,5,2026-02-09,Completed,Resolved,65,t,
1166,C017,1,2026-08-30,Completed,Resolved,206,f,
1167,C002,5,2026-04-05,Completed,Resolved,248,f,
1168,C001,1,2026-04-04,Completed,Resolved,552,f,
1169,C021,3,2026-08-09,Completed,Resolved,89,t,
1170,C007,5,2026-07-17,Incomplete,Pending,,t,
1171,C006,3,2026-03-18,Completed,Resolved,34,t,
1172,C022,5,2026-08-21,Completed,Resolved,51,f,
1173,C004,5,2026-08-25,Escalated,Unresolved,128,f,Technical Issue
1174,C006,2,2026-03-26,Completed,Resolved,331,f,
1175,C025,3,2026-09-06,Completed,Resolved,368,f,
1176,C015,2,2026-01-13,Completed,Resolved,62,f,
1177,C004,2,2026-05-09,Completed,Resolved,60,f,
1178,C003,1,2026-06-13,Escalated,Unresolved,547,f,Policy Restriction
1179,C019,2,2026-09-29,Completed,Resolved,410,f,
1180,C015,4,2026-04-22,Completed,Resolved,330,f,
1181,C003,1,2026-09-16,Completed,Resolved,309,f,
1182,C006,2,2026-01-11,Completed,Resolved,544,f,
1183,C003,4,2026-02-05,Completed,Resolved,364,f,
1184,C023,4,2026-02-04,Completed,Resolved,560,f,
1185,C002,1,2026-05-24,Completed,Resolved,57,f,
1186,C004,1,2026-03-12,Completed,Resolved,199,f,
1187,C016,3,2026-07-02,Completed,Resolved,402,f,
1188,C022,2,2026-07-01,Incomplete,Pending,459,f,
1189,C021,3,2026-04-27,Completed,Resolved,359,f,
1190,C023,3,2026-06-09,Completed,Resolved,159,f,
1191,C006,1,2026-03-22,Completed,Resolved,213,f,
1192,C003,3,2026-04-08,Completed,Resolved,398,f,
1193,C013,1,2026-01-11,Completed,Resolved,233,f,
1194,C002,2,2026-01-06,Completed,Resolved,455,f,
1195,C017,5,2026-06-06,Completed,Resolved,155,f,
1196,C017,2,2026-03-31,Incomplete,Pending,,f,
1197,C011,4,2026-06-03,Escalated,Unresolved,262,f,Technical Issue
1198,C010,2,2026-01-09,Completed,Resolved,182,t,
1199,C002,1,2026-04-04,Completed,Resolved,479,t,
1200,C023,2,2026-03-01,Incomplete,Pending,401,f,
